"firstName","lastName","email","car"
"Andrew","Baxter","andrewbaxter@googlemail.com","Vauxhall Astra"
"Sarah","James","sarahjames@helloworld.com","Range Rover Vogue"
"Steven","Barry","stevenbarry@aol.com","Ford Focus ST"
"Joseph","Owen","josephowen@aol.com","Audi R8"
"Ashley","Smith","ashleysmith@hotmail.co.uk","Audi A3"
"Margaret"
"James"
"David","McGregor","davidmcgregor@aol.com","Audi A3"
"Jessica","Owen","jessicaowen@hotmail.co.uk","Audi R8"
"Elizabeth","Murray","elizabethmurray@aol.com","Ford Fiesta ST"
"Martin","Weir","martinweir@example.com","Range Rover Sport"
"Mary","Martin","marymartin@live.co.uk","Audi A1"
"Michael","Norman","michaelnorman@hotmail.co.uk","Mercedes-Benz A Class AMG"
"Joanna","Jenkins","joannajenkins@hotmail.co.uk","Mercedes-Benz C Class AMG"
"Mark","Hayes","markhayes@gmail.com","Range Rover Vogue"
"Matthew","Baxter","matthewbaxter@googlemail.com","Land Rover Discovery"
"Patricia","Brown","patriciabrown@aol.com","Audi A1"
"Sarah"
"Anthony"
"Elizabeth","Weir","elizabethweir@googlemail.com","Mercedes-Benz A Class AMG"
"Patricia","Martin","patriciamartin@aol.com","Audi A4"
"Matthew","James","matthewjames@live.co.uk","Range Rover Vogue"
"John","Murray","johnmurray@gmail.com","Audi A4"
"Betty","Hayes","bettyhayes@googlemail.com","Land Rover Discovery"
"Susan"
"David"
"Jessica","Lescott","jessicalescott@googlemail.com","Range Rover Evoque"
"Sandra","Montgomery","sandramontgomery@hotmail.co.uk","Ford Fiesta ST"
"Mark","Lescott","marklescott@outlook.com","Audi R8"
"Christopher","Martin","christophermartin@aol.com","Vauxhall Corsa"
"Mark","Smith","marksmith@example.com","Audi A4"
"Emily"
"Karen"
"Barbara","Baxter","barbarabaxter@hotmail.com","Mercedes-Benz AMG GT"
"Stephen","Jenkins","stephenjenkins@googlemail.com","Vauxhall Adam"
"Joseph","Barry","josephbarry@aol.com","Range Rover Sport"
"Michael","Lescott","michaellescott@gmail.com","Vauxhall Astra"
"Joshua","Anderson","joshuaanderson@aol.com","Vauxhall Insignia"
"Christopher"
"Martin"
"John","Montgomery","johnmontgomery@live.com","Range Rover Evoque"
"Christopher","Murray","christophermurray@googlemail.com","Vauxhall Corsa"
"Susan","Owen","susanowen@googlemail.com","Ford Focus ST"
"Betty","Montgomery","bettymontgomery@hotmail.co.uk","Mercedes-Benz A Class AMG"
"Oscar","Baxter","oscarbaxter@hotmail.co.uk","Range Rover Sport"
"John"
"Sarah"
"Martin","Baxter","martinbaxter@live.co.uk","Mercedes-Benz AMG GT"
"Bernard","Hayes","bernardhayes@hotmail.co.uk","Mercedes-Benz AMG GT"
"Daniel","Jenkins","danieljenkins@aol.com","Audi A3"
"Nancy","Smith","nancysmith@googlemail.com","Mercedes-Benz C Class AMG"
"Daniel","McGregor","danielmcgregor@googlemail.com","Range Rover Sport"